<?xml version="1.0" encoding="UTF-8"?>
<amosTransportEnvelope version="0.1">
  <header>
    <senderID>ZZZ</senderID>
    <receiverID>U0RH9</receiverID>
    <date timezone="UTC">2018-06-12T14:15:05</date>
  </header>
  <payload type="transferPart" version="0.14">
<!--
Generated by AMOS 11.40-046 - 2018-06-12T14:15:05.339Z - ZZZ - PROD - prod1
--><transferPart version="0.14">
  <part>
    <partNumber>D31865-111</partNumber>
    <partHeader>
      <materialClass>R</materialClass>
      <externalClass>P</externalClass>
      <mfgCode>11111</mfgCode>
      <repairable>Y</repairable>
      <ataChapter>25-62</ataChapter>
      <description>SLIDE ASSY-OVERWING LH</description>
      <unitOfMeasurement>EA</unitOfMeasurement>
      <wasteCode/>
      <specialContract/>
      <weight>34</weight>
      <countryOfOrigin>US</countryOfOrigin>
      <financialAccount>111X</financialAccount>
      <defaultRepair/>
      <defaultSupplier>U0RH9</defaultSupplier>
      <tool>N</tool>
      <positionList>
        <position>
          <acType>111X</acType>
          <positionName>1111MM</positionName>
          <ataChapter>25-62</ataChapter>
          <quantityPerPosition>1.0</quantityPerPosition>
        </position>
      </positionList>
      <vendorList>
        <vendor>
          <name>11111</name>
          <description>SSC</description>
        </vendor>
        <vendor>
          <name>U03Z8</name>
          <description>ZODIAC AEROSPACE UK LTD</description>
        </vendor>
      </vendorList>
      <classificationList>
        <classification>
          <name>CAT_A</name>
          <description>CAT A</description>
          <remark>CAT A</remark>
          <reference/>
          <amount>0.0</amount>
        </classification>
      </classificationList>
      <rotableList>
        <rotable>
          <serialNumber>Z11111</serialNumber>
          <rotableHeader>
            <condition>US</condition>
            <owner>ZZZ</owner>
            <mfgDate>2006-12-01</mfgDate>
            <remarks/>
            <releaseNumber>111111/1</releaseNumber>
            <poolProcessor/>
            <specialDimensionTrackingList>
              <specialDimensionTracking>
                <dimension>H</dimension>
                <lastValue>1993548</lastValue>
                <dateOfLastUpdate>2018-04-28</dateOfLastUpdate>
              </specialDimensionTracking>
              <specialDimensionTracking>
                <dimension>C</dimension>
                <lastValue>22611</lastValue>
                <dateOfLastUpdate>2018-04-28</dateOfLastUpdate>
              </specialDimensionTracking>
              <specialDimensionTracking>
                <dimension>D</dimension>
                <lastValue>0</lastValue>
                <dateOfLastUpdate>2006-12-01</dateOfLastUpdate>
              </specialDimensionTracking>
            </specialDimensionTrackingList>
            <counters>
              <timeSinceNew>11111</timeSinceNew>
              <tsnUnknown>N</tsnUnknown>
              <cyclesSinceNew>11111</cyclesSinceNew>
              <csnUnknown>N</csnUnknown>
              <timeSinceOverhaul>11111</timeSinceOverhaul>
              <cyclesSinceOverhaul>11111</cyclesSinceOverhaul>
              <daysSinceOverhaul>1111</daysSinceOverhaul>
              <dateOfLastUpdate>1972-01-03</dateOfLastUpdate>
              <deliveryDate>2015-07-06</deliveryDate>
            </counters>
            <installationData>
              <station>N/A</station>
              <store>N/A</store>
              <location>OUTGOING</location>
            </installationData>
            <requirementList>
              <requirement>
                <type>OH</type>
                <description>AMP TASK 111111-11-1</description>
                <shelfLimitation>N</shelfLimitation>
                <removalRequired>Y</removalRequired>
                <hardTimeLimit>Y</hardTimeLimit>
                <firstOrLater>LATER</firstOrLater>
                <acGroundTimeHours>0</acGroundTimeHours>
                <intervalList>
                  <interval>
                    <dimension>D</dimension>
                    <interval>1095</interval>
                    <sinceRequirement>1074</sinceRequirement>
                    <dueAtAc>16985</dueAtAc>
                  </interval>
                </intervalList>
              </requirement>
            </requirementList>
          </rotableHeader>
        </rotable>
      </rotableList>
      <remarks>
        <purchaseRemarks/>
        <internalRemarks/>
        <repairRemarks/>
        <receivingRemarks/>
        <pickslipRemarks/>
        <defaultRemarks>  non dac    see link</defaultRemarks>
        <partRemarks/>
      </remarks>
      <entityInformation>
        <entityCode>ZZZ</entityCode>
        <currency>GBP</currency>
      </entityInformation>
      <pricing>
        <averagePrice internationalCurrencyCode="GBP">29452.11</averagePrice>
        <valueForCustoms internationalCurrencyCode="GBP">31456.71</valueForCustoms>
        <avgRepairCost internationalCurrencyCode="GBP">0.0</avgRepairCost>
        <purchasePrice internationalCurrencyCode="GBP">24435.07891</purchasePrice>
        <salesPrice internationalCurrencyCode="GBP">31456.71</salesPrice>
      </pricing>
      <locationList>
        <location>
          <station>AJW</station>
          <store>AJW</store>
          <location>AJWLOCATION</location>
          <main>N</main>
          <maxQuantity>0</maxQuantity>
        </location>
      </locationList>
      <commodityCodes>
        <commodityCode>11111111</commodityCode>
      </commodityCodes>
    </partHeader>
  </part>
</transferPart>
  </payload>
</amosTransportEnvelope>