﻿<?xml version="1.0" encoding="UTF-8"?>
<amosTransportEnvelope version="0.1">
  <header>
    <senderID>ZZZ</senderID>
    <receiverID>U0RH9</receiverID>
    <date timezone="UTC">2018-06-12T14:34:55</date>
  </header>
  <payload type="transferOrder" version="0.14">
<!--
Generated by AMOS 11.40-046 - 2018-06-12T14:34:54.730Z - ZZZ - PROD - prod1
--><transferOrder version="0.14">
  <order>
    <orderNumber>R11111111</orderNumber>
    <orgOrderNumber>R11111111</orgOrderNumber>
    <orderHeader>
      <orderType>R</orderType>
      <orderState>O</orderState>
      <orderStatus>0</orderStatus>
      <orderDate>2018-05-21</orderDate>
      <orderText>OVERHAUL DUE

DATE OF REMOVAL: 28/04/18
TSN: 33`225
CSN: 22`611
A/C: Z-ZZZZ</orderText>
      <orderPriority>IOR</orderPriority>
      <extendedState>BO</extendedState>
      <orderResponsible>
        <code>ENDUSR</code>
        <name>End User</name>
      </orderResponsible>
      <orderVendor>
        <code>U03Z8</code>
        <name>ZODIAC AEROSPACE UK LTD</name>
        <contactName/>
        <address>UNIT 610, AVENUE WEST</address>
        <city>BRAINTREE</city>
        <zipCode>CM77 7AA</zipCode>
        <country>UK</country>
        <communicationData>
          <communicationData>
            <type>P</type>
            <value>01376 329194</value>
            <description/>
          </communicationData>
          <communicationData>
            <type>E</type>
            <value>PPARKER@ZODIAC.COM</value>
          </communicationData>
        </communicationData>
        <accountNumbers>
          <creditorAccountNumber>11111</creditorAccountNumber>
        </accountNumbers>
      </orderVendor>
      <addressing>
        <shipmentAddress>
          <code>AJWMAIN</code>
          <name>AJW AVIATION</name>
          <contactName/>
          <address>THE HEADQUARTERS</address>
          <city>SLINFOLD</city>
          <zipCode>RH13 0AS</zipCode>
          <country>UK</country>
          <communicationData>
            <communicationData>
              <type>E</type>
              <value>NOREPLY@AJW-AVIATION.COM</value>
              <description>TEST</description>
            </communicationData>
          </communicationData>
        </shipmentAddress>
        <billingAddress>
          <code>FOC</code>
          <name>FOC BILL TO ADDRESS</name>
          <contactName/>
          <address>ADDRESS N/A</address>
          <country>UK</country>
        </billingAddress>
        <issuerAddress>
          <code>AJWMAIN</code>
          <name>AJW AVIATION</name>
          <contactName/>
          <address>THE HEADQUARTERS</address>
          <city>SLINFOLD</city>
          <zipCode>RH13 0AS</zipCode>
          <country>UK</country>
          <communicationData>
            <communicationData>
              <type>E</type>
              <value>NOREPLY@AJW-AVIATION.COM</value>
              <description>TEST</description>
            </communicationData>
          </communicationData>
        </issuerAddress>
      </addressing>
      <externalOrdernumber>ZZR111111</externalOrdernumber>
      <orderCurrency>USD</orderCurrency>
      <deliveryCondition>
        <code>EXW</code>
        <description>EXW</description>
      </deliveryCondition>
      <shipmentCondition>
        <code>RD</code>
        <description>RD</description>
      </shipmentCondition>
      <paymentCondition>
        <code>60</code>
        <description>60</description>
      </paymentCondition>
      <remarks>
        <orderRemarks>20180521 17:50:17 Your repair order R11111111 has been created as AJW RO ZZR111111 repair progress and shipment status details will be available shortly</orderRemarks>
        <shipmentRemarks/>
      </remarks>
      <pooling>
        <costcenter/>
      </pooling>
      <flags>
        <readyForShipment>N</readyForShipment>
        <onHold>N</onHold>
        <regularisation>N</regularisation>
        <recharge>N</recharge>
        <internalRepair>N</internalRepair>
        <customerRepair>N</customerRepair>
      </flags>
      <orderInformation>
        <orderCreator>
          <code>ROYPRE</code>
          <name>Preissler Roy</name>
        </orderCreator>
        <orderCreationDate>2018-04-28</orderCreationDate>
        <printCountShipment>0</printCountShipment>
        <printCountOrderManagement>0</printCountOrderManagement>
      </orderInformation>
    </orderHeader>
    <orderDetail>
      <position>1</position>
      <aircraftRegistration>Z-ZZZZ</aircraftRegistration>
      <detailState>O</detailState>
      <detailStatus>1</detailStatus>
      <extendedState>BO</extendedState>
      <detailPriority>IOR</detailPriority>
      <detailText/>
      <partNumber base="transferPart" referenceDocument="TRANSFER_PART_D31865-111">D31865-111</partNumber>
      <serialNumber>Z11111</serialNumber>
      <specification/>
      <measureUnit>
        <code>EA</code>
        <description>EA</description>
      </measureUnit>
      <orderQuantity>1.0</orderQuantity>
      <backorderQuantity>1.0</backorderQuantity>
      <purchasePrice internationalCurrencyCode="USD">0.0</purchasePrice>
      <totalPrice internationalCurrencyCode="USD">0.0</totalPrice>
      <discount>0.0</discount>
      <targetDate>2018-06-11</targetDate>
      <confirmedDate>2018-06-15</confirmedDate>
      <financialInformation>
        <costType>FOC</costType>
        <costCenter>FOC</costCenter>
        <projectNumber>FOC</projectNumber>
        <budgetNumber/>
      </financialInformation>
      <detailReason>
        <code>SD</code>
        <description>SD</description>
      </detailReason>
      <requiredCondition>
        <code>OH</code>
        <description>OH</description>
      </requiredCondition>
      <labelNumber>111111</labelNumber>
      <flags>
        <freeOfCharge>N</freeOfCharge>
        <directConsumption>N</directConsumption>
        <taxable>N</taxable>
        <requirementChecked>N</requirementChecked>
        <agreedPrice>N</agreedPrice>
      </flags>
      <detailInformation>
        <detailCreator>
          <code>ENDUSR</code>
          <name>End User</name>
        </detailCreator>
        <detailCreationDate>2018-04-28</detailCreationDate>
      </detailInformation>
      <partInformation>
        <ataChapter>25-62</ataChapter>
        <materialClass>R</materialClass>
        <repairable>Y</repairable>
        <fixedAsset>Y</fixedAsset>
        <defaultRepair/>
        <description>SLIDE ASSY-OVERWING LH</description>
        <stockAccount>STOCK</stockAccount>
      </partInformation>
      <shipmentInformation>
        <awbNumber>11111111D</awbNumber>
        <awbDate>2018-05-25</awbDate>
      </shipmentInformation>
    </orderDetail>
  </order>
</transferOrder>
  </payload>
</amosTransportEnvelope>