<?xml version="1.0" encoding="UTF-8"?>
<amosTransportEnvelope xmlns:dsig="http://www.w3.org/2000/09/xmldsig#" version="1.0">
  <header>
    <senderID>XXX</senderID>
    <receiverID></receiverID>
    <date timezone="UTC">2022-09-01T12:04:48.986Z</date>
  </header>
  <payload type="transferOrder" version="1.5">
    <!--
    Generated by AMOS 22.6.18 - 2022-09-01T12:04:48.982Z
    -->
    <transferOrder version="1.5">
      <order>
        <orderNumber>PX0000001</orderNumber>
        <orgOrderNumber>PX0000001</orgOrderNumber>
        <orderHeader>
          <orderType>R</orderType>
          <orderState>O</orderState>
          <orderStatus>0</orderStatus>
          <orderDate>2022-09-01</orderDate>
          <orderText>ORDERTEXT</orderText>
          <orderPriority>NOR</orderPriority>
          <extendedState>D</extendedState>
          <orderResponsible>
            <code>22222222</code>
            <name>Tester</name>
            <communicationData>
              <communicationData>
                <type>P</type>
                <value>+44 1403 798523</value>
              </communicationData>
            </communicationData>
          </orderResponsible>
          <orderVendor>
            <code>0253</code>
            <name>AJ WALTER AVIATION</name>
            <contactName>NICK MASON</contactName>
            <address>THE HEADQUARTERS, MAYDWELL AVEN</address>
            <city>SLINFOLD</city>
        	<zipCode>RH13</zipCode>
            <country>UK</country>
            <communicationData>
              <communicationData>
                <type>E</type>
                <value>georgina.arthurs@ajw-group.com</value>
                <description>GEORGINA ARTHURS</description>
              </communicationData>
              <communicationData>
                <type>E</type>
                <value>NICK.MASON@AJW-AVIATION.COM</value>
              </communicationData>
              <communicationData>
                <type>P</type>
                <value>+44 1403 798523</value>
              </communicationData>
            </communicationData>
          </orderVendor>
          <addressing>
            <shipmentAddress>
              <code>0253</code>
              <name>AJ WALTER AVIATION</name>
              <contactName/>
              <address>THE HEADQUARTERS, MAYDWELL AVEN</address>
              <city/>
              <country>UK</country>
              <communicationData>
                <communicationData>
                  <type>E</type>
                  <value>georgina.arthurs@ajw-group.com</value>
                  <description>GEORGINA ARTHURS</description>
                </communicationData>
                <communicationData>
                  <type>E</type>
                  <value>NICK.MASON@AJW-AVIATION.COM</value>
                </communicationData>
                <communicationData>
                  <type>P</type>
                  <value>+44 1403 798523</value>
                </communicationData>
              </communicationData>
            </shipmentAddress>
            <billingAddress>
              <code>0253</code>
              <name>AJ WALTER AVIATION</name>
              <contactName/>
              <address>THE HEADQUARTERS, MAYDWELL AVEN</address>
              <city>Slinfold</city>
              <country>UK</country>
              <communicationData>
                <communicationData>
                  <type>P</type>
                  <value>+44 1403 798523</value>
                </communicationData>
              </communicationData>
            </billingAddress>
            <issuerAddress>
              <code>XXX</code>
              <name>ISSUER NAME</name>
              <contactName/>
              <address>THE HEADQUARTERS, MAYDWELL AVEN</address>
              <city/>
              <country>UK</country>
              <communicationData>
                <communicationData>
                  <type>P</type>
                  <value>+44 1403 798523</value>
                </communicationData>
              </communicationData>
            </issuerAddress>
          </addressing>
          <externalOrdernumber/>
          <orderCurrency>MXN</orderCurrency>
          <entityCode>XXX</entityCode>
          <remarks>
            <orderRemarks/>
            <shipmentRemarks/>
          </remarks>
          <pooling>
            <costcenter/>
          </pooling>
          <flags>
            <readyForShipment>N</readyForShipment>
            <onHold>N</onHold>
            <regularisation>N</regularisation>
            <recharge>N</recharge>
            <internalRepair>N</internalRepair>
            <customerRepair>N</customerRepair>
          </flags>
          <orderInformation>
            <orderCreator>
              <code>L70453</code>
              <name>Kearney Damian</name>
              <communicationData>
                <communicationData>
                  <type>P</type>
                  <value>+44 1403 798523</value>
                </communicationData>
              </communicationData>
            </orderCreator>
            <orderCreationDate>2022-08-24</orderCreationDate>
            <printCountShipment>0</printCountShipment>
            <printCountOrderManagement>0</printCountOrderManagement>
          </orderInformation>
        </orderHeader>
        <orderDetail>
          <position>1</position>
          <aircraftRegistration>DEN</aircraftRegistration>
          <detailState>O</detailState>
          <detailStatus>0</detailStatus>
          <extendedState>D</extendedState>
          <detailPriority>NOR</detailPriority>
          <detailText>DETAIL TEXT</detailText>
          <partNumber base="transferPartDefinition">6773E010000</partNumber>
          <serialNumber>33333</serialNumber>
          <specification/>
          <measureUnit>
            <code>EA</code>
            <description>EACH</description>
          </measureUnit>
          <orderQuantity>1.0</orderQuantity>
          <backorderQuantity>1.0</backorderQuantity>
          <purchasePrice internationalCurrencyCode="EUR">0.0</purchasePrice>
          <totalPrice internationalCurrencyCode="EUR">0.0</totalPrice>
          <exchangeRate>1.0</exchangeRate>
          <discount>0.0</discount>
          <targetDate>2022-09-02</targetDate>
          <financialInformation>
	        <costType/>
	        <costCenter>22222222</costCenter>
	        <projectNumber/>
	        <budgetNumber/>
	      </financialInformation>
          <detailReason>
            <code>SD</code>
            <description>SD</description>
          </detailReason>
          <requiredCondition>
            <code>RI</code>
            <description>REPAIRED TESTED INSPECTED</description>
          </requiredCondition>
          <labelNumber>2222</labelNumber>
          <detailRemarks/>
          <flags>
            <freeOfCharge>N</freeOfCharge>
            <directConsumption>N</directConsumption>
            <taxable>N</taxable>
            <requirementChecked>N</requirementChecked>
            <agreedPrice>N</agreedPrice>
            <warranty>N</warranty>
          </flags>
          <detailInformation>
            <detailCreator>
              <code>L70453</code>
              <name>Tester</name>
              <communicationData>
                <communicationData>
                  <type>E</type>
                  <value>Tester@ajw-group.com</value>
                </communicationData>
                <communicationData>
                  <type>P</type>
                  <value>+4401403798516</value>
                </communicationData>
              </communicationData>
            </detailCreator>
            <detailCreationDate>2022-08-24</detailCreationDate>
          </detailInformation>
        </orderDetail>
      </order>
    </transferOrder>
  </payload>
</amosTransportEnvelope>